{
  "Logistic Regression": {
    "accuracy": 0.7446051167964405,
    "precision": 0.44312267657992566,
    "recall": 0.5989949748743718,
    "f1_score": 0.5094017094017094,
    "auc_roc": 0.7522185211773151
  },
  "Random Forest": {
    "accuracy": 0.7728587319243604,
    "precision": 0.4888698630136986,
    "recall": 0.5738693467336683,
    "f1_score": 0.5279704114655571,
    "auc_roc": 0.7705250538406317
  },
  "XGBoost": {
    "accuracy": 0.775083426028921,
    "precision": 0.4930555555555556,
    "recall": 0.5708542713567839,
    "f1_score": 0.5291103865859339,
    "auc_roc": 0.7761240488155061
  },
  "LightGBM": {
    "accuracy": 0.7595105672969966,
    "precision": 0.46687211093990755,
    "recall": 0.6090452261306533,
    "f1_score": 0.5285651984300044,
    "auc_roc": 0.7730686288585786
  },
  "Neural Network (Focal Loss)": {
    "accuracy": 0.739488320355951,
    "precision": 0.4386331938633194,
    "recall": 0.6321608040201006,
    "f1_score": 0.5179086043639358,
    "auc_roc": 0.7705108399138549
  }
}