{
  "Neural Network (Focal Loss)": {
    "accuracy": 0.739488320355951,
    "precision": 0.4386331938633194,
    "recall": 0.6321608040201006,
    "f1_score": 0.5179086043639358,
    "auc_roc": 0.7705108399138549,
    "cv_auc_mean": 0.7784161090739142,
    "cv_auc_std": 0.006928139691926597
  }
}